{
    "proc": [
      {
        "precision": 0.927570093457944,
        "recall": 1.0,
        "threshold": 0.4513363759032511
      },
      {
        "precision": 0.927400468384075,
        "recall": 0.9974811083123426,
        "threshold": 0.45201756623495926
      }
      
    ]
  }