{
    "prc": [
        {
            "precision": 0.39655172413793105,
            "recall": 1.0,
            "threshold": 0
        },
        {
            "precision": 0.59375,
            "recall": 0.41304347826086957,
            "threshold": 1
        }
    ]
}