{
    "prc": [
        {
            "precision": 0.3317307692307692,
            "recall": 1.0,
            "threshold": 0
        },
        {
            "precision": 0.42718446601941745,
            "recall": 0.6376811594202898,
            "threshold": 1
        }
    ]
}