{
    "prc": [
        {
            "precision": 0.39655172413793105,
            "recall": 1.0,
            "threshold": 0
        },
        {
            "precision": 0.5333333333333333,
            "recall": 0.34782608695652173,
            "threshold": 1
        }
    ]
}