{
    "prc": [
        {
            "precision": 0.3527902501603592,
            "recall": 1.0,
            "threshold": 0
        },
        {
            "precision": 0.6722797927461139,
            "recall": 0.4718181818181818,
            "threshold": 1
        }
    ]
}