{
    "train_score": 76.08695652173914,
    "test_score": 59.61538461538461,
    "roc_auc": 0.6496194348868731,
    "Logistic Accuracy": 0.5961538461538461
}