{
    "train_score": 73.69942196531792,
    "test_score": 65.51724137931035,
    "roc_auc": 0.6751552795031056,
    "Logistic Accuracy": 0.6551724137931034
}