{
    "train_score": 71.96531791907515,
    "test_score": 62.06896551724138,
    "roc_auc": 0.6509316770186335,
    "Logistic Accuracy": 0.6206896551724138
}