{
    "train_score": 78.26086956521739,
    "test_score": 62.25961538461539,
    "roc_auc": 0.6813158169116881,
    "Average precision": 0.4127115700391562,
    "Model Accuracy": 0.6225961538461539
}