{
    "train_score": 80.43478260869566,
    "test_score": 62.74038461538461,
    "roc_auc": 0.6970076113022625
}