{
    "train_score": 78.26086956521739,
    "test_score": 62.019230769230774,
    "roc_auc": 0.6770409759149202,
    "Average precision": 0.4112305178481649,
    "Logistic Accuracy": 0.6201923076923077
}